{
  "case_id": "hepaticvessel_010",
  "source": "/Users/josephmitchell/dev/repos/VSNet/Task08_HepaticVessel/imagesTr/hepaticvessel_010.nii.gz",
  "spacing": [
    0.8613280057907104,
    0.8613280057907104,
    4.0
  ],
  "origin": [
    440.13861083984375,
    440.13861083984375,
    0.0
  ],
  "direction": [
    -1.0,
    0.0,
    0.0,
    0.0,
    -1.0,
    0.0,
    0.0,
    0.0,
    1.0
  ],
  "size": [
    512,
    512,
    49
  ]
}